GlobalRank,TldRank,Domain,TLD,RefSubNets,RefIPs,IDN_Domain,IDN_TLD,PrevGlobalRank,PrevTldRank,PrevRefSubNets,PrevRefIPs
1,1,google.com,com,467935,2923052,google.com,com,1,1,471336,2984236
2,2,facebook.com,com,456154,2983353,facebook.com,com,2,2,459142,3046729
3,3,youtube.com,com,415276,2406165,youtube.com,com,3,3,418742,2463875
4,4,twitter.com,com,407368,2413303,twitter.com,com,4,4,410535,2468148
5,5,microsoft.com,com,306620,1171243,microsoft.com,com,5,5,310087,1187476
6,6,linkedin.com,com,296885,1337100,linkedin.com,com,6,6,299981,1369494
7,1,wikipedia.org,org,288751,1224946,wikipedia.org,org,7,1,292137,1253059
8,7,plus.google.com,com,285259,1430151,plus.google.com,com,8,7,288167,1460426
9,8,instagram.com,com,283775,1382503,instagram.com,com,9,8,286694,1412153
10,9,apple.com,com,278603,1044239,apple.com,com,10,9,282299,1069929
11,10,adobe.com,com,249773,858651,adobe.com,com,11,10,252873,873405
12,2,en.wikipedia.org,org,241549,896270,en.wikipedia.org,org,12,2,244743,919110
13,11,blogspot.com,com,233341,906972,blogspot.com,com,13,11,236660,930415
14,12,itunes.apple.com,com,231409,757572,itunes.apple.com,com,14,12,234911,777575
15,13,wordpress.com,com,228614,878170,wordpress.com,com,15,13,232098,900289
16,1,youtu.be,be,218611,780038,youtu.be,be,16,1,222268,803785
17,14,vimeo.com,com,217879,884083,vimeo.com,com,17,14,220875,908246
18,15,pinterest.com,com,215145,958234,pinterest.com,com,18,15,217918,980717
19,1,goo.gl,gl,214701,760341,goo.gl,gl,19,1,217691,777501
20,16,maps.google.com,com,210859,766330,maps.google.com,com,20,16,213742,784548
21,17,play.google.com,com,206416,639369,play.google.com,com,21,17,209635,655227
22,18,googletagmanager.com,com,197457,665912,googletagmanager.com,com,22,18,200321,684048
23,19,yahoo.com,com,194825,603460,yahoo.com,com,23,19,197789,617927
24,20,amazon.com,com,187711,632110,amazon.com,com,24,20,190482,649679
25,1,bit.ly,ly,182768,588080,bit.ly,ly,25,1,185944,605587
26,21,player.vimeo.com,com,182371,697897,player.vimeo.com,com,26,21,184960,716982
27,3,wordpress.org,org,175543,696819,wordpress.org,org,28,3,175936,700245
28,22,docs.google.com,com,175447,549145,docs.google.com,com,27,22,177951,561526
29,23,tumblr.com,com,172682,613574,tumblr.com,com,29,23,174693,625481
30,24,github.com,com,170929,499627,github.com,com,30,24,172320,505225
31,25,godaddy.com,com,170310,562209,godaddy.com,com,31,25,170879,565209
32,4,mozilla.org,org,164219,481738,mozilla.org,org,33,4,166706,491890
33,26,flickr.com,com,164118,526342,flickr.com,com,32,26,166730,539503
34,27,mcc.godaddy.com,com,153634,483525,mcc.godaddy.com,com,36,28,153914,484143
35,5,w3.org,org,153211,381668,w3.org,org,35,5,154828,386859
36,28,go.microsoft.com,com,153206,519520,go.microsoft.com,com,34,27,154880,521224
37,29,get.adobe.com,com,148514,386225,get.adobe.com,com,37,29,153161,401568
38,6,apache.org,org,147872,336841,apache.org,org,38,6,149084,340162
39,30,gravatar.com,com,145145,491175,gravatar.com,com,39,30,145607,493685
40,1,sourceforge.net,net,142343,339943,sourceforge.net,net,40,1,143920,344888
41,31,nytimes.com,com,135910,388583,nytimes.com,com,41,31,138583,401844
42,32,drive.google.com,com,133033,362359,drive.google.com,com,42,32,134901,369257
43,1,europa.eu,eu,131367,417787,europa.eu,eu,43,1,133380,429383
44,33,reddit.com,com,128954,410578,reddit.com,com,44,33,130357,417867
45,1,t.co,co,126298,373086,t.co,co,45,1,128242,382010
46,34,soundcloud.com,com,126142,398042,soundcloud.com,com,47,35,127849,406454
47,35,sites.google.com,com,126012,315894,sites.google.com,com,46,34,127960,322659
48,36,support.google.com,com,125823,405575,support.google.com,com,48,36,127845,415841
49,2,php.net,net,122473,288926,php.net,net,49,2,123438,291795
50,37,qq.com,com,121748,1204600,qq.com,com,53,38,121876,1203251
51,1,bbc.co.uk,uk,120578,324668,bbc.co.uk,uk,51,1,122554,332817
52,38,amazonaws.com,com,120499,284932,amazonaws.com,com,50,37,123103,293937
53,1,nih.gov,gov,120319,310326,nih.gov,gov,52,1,122540,319613
54,39,cnn.com,com,119280,312241,cnn.com,com,54,39,121731,322398
55,40,weebly.com,com,118852,316412,weebly.com,com,55,40,120917,323753
56,41,theguardian.com,com,116223,315389,theguardian.com,com,56,41,118462,324865
57,42,dropbox.com,com,114400,295117,dropbox.com,com,57,42,116736,303336
58,43,support.microsoft.com,com,113909,254128,support.microsoft.com,com,59,44,115452,258802
59,44,blogger.com,com,113720,306645,blogger.com,com,58,43,115739,314060
60,7,httpd.apache.org,org,113701,242447,httpd.apache.org,org,60,7,114386,244097
61,45,accounts.google.com,com,113573,308157,accounts.google.com,com,78,56,103282,276353
62,46,forbes.com,com,110991,283357,forbes.com,com,61,45,113746,293924
63,8,creativecommons.org,org,110568,274450,creativecommons.org,org,62,8,112381,280084
64,9,gnu.org,org,108483,241415,gnu.org,org,63,9,110087,245323
65,1,github.io,io,108149,247256,github.io,io,65,1,109770,252402
66,47,tinyurl.com,com,107841,265158,tinyurl.com,com,64,46,109967,272706
67,48,msn.com,com,107181,254062,msn.com,com,66,47,109488,261976
68,49,issuu.com,com,107159,278289,issuu.com,com,67,48,109378,286788
69,10,validator.w3.org,org,106321,248357,validator.w3.org,org,68,10,107382,250990
70,50,virginmedia.com,com,105099,253332,virginmedia.com,com,72,52,105598,254209
71,51,oracle.com,com,105031,199753,oracle.com,com,70,50,106417,203165
72,52,wsj.com,com,104760,259293,wsj.com,com,69,49,107072,268451
73,53,paypal.com,com,103884,294538,paypal.com,com,71,51,105667,302728
74,54,bing.com,com,103746,254621,bing.com,com,75,54,105211,259353
75,11,archive.org,org,103514,264680,archive.org,org,74,11,105223,270554
76,55,imdb.com,com,103469,274420,imdb.com,com,73,53,105239,281361
77,2,www.ncbi.nlm.nih.gov,gov,102540,249131,www.ncbi.nlm.nih.gov,gov,76,2,104589,256731
78,56,m.facebook.com,com,102206,280963,m.facebook.com,com,77,55,103680,287133
79,3,slideshare.net,net,101160,234196,slideshare.net,net,79,3,103179,240493
80,57,reuters.com,com,101118,238897,reuters.com,com,80,57,103137,245834
81,58,live.com,com,101100,225751,live.com,com,81,58,102920,230934
82,2,ec.europa.eu,eu,99570,297892,ec.europa.eu,eu,83,2,101191,306457
83,59,bp.blogspot.com,com,99540,271019,bp.blogspot.com,com,84,60,100923,276362
84,60,go.com,com,99029,242592,go.com,com,82,59,101251,250924
85,1,t-online.de,de,98959,232616,t-online.de,de,87,1,99611,234588
86,61,wix.com,com,98726,243341,wix.com,com,85,61,100747,249797
87,62,huffingtonpost.com,com,98201,261963,huffingtonpost.com,com,86,62,100579,271788
88,12,wikimedia.org,org,97757,243524,wikimedia.org,org,89,12,99335,249052
89,63,ibm.com,com,97674,190664,ibm.com,com,88,63,99482,195192
90,64,weibo.com,com,97202,574541,weibo.com,com,95,69,97357,574426
91,65,wixsite.com,com,96845,236342,wixsite.com,com,90,64,98563,241680
92,66,myspace.com,com,96651,254696,myspace.com,com,93,67,98069,260350
93,67,medium.com,com,96533,234735,medium.com,com,92,66,98189,240304
94,68,washingtonpost.com,com,96075,238916,washingtonpost.com,com,91,65,98246,247303
95,69,bloomberg.com,com,95867,221396,bloomberg.com,com,94,68,97915,228807
96,70,support.apple.com,com,95466,253788,support.apple.com,com,96,70,96905,258919
97,71,wp.com,com,95441,304496,wp.com,com,100,73,96188,308248
98,72,aol.com,com,95280,208808,aol.com,com,98,72,96716,213771
99,73,mysql.com,com,95149,192607,mysql.com,com,102,75,95981,194788
100,74,windows.microsoft.com,com,95023,225393,windows.microsoft.com,com,97,71,96848,230477
101,1,mit.edu,edu,94839,201072,mit.edu,edu,99,1,96415,205714
102,75,opera.com,com,94836,235356,opera.com,com,101,74,96011,239278
103,76,vk.com,com,94166,318627,vk.com,com,103,76,94725,321002
104,13,debian.org,org,92932,191651,debian.org,org,108,13,93522,193094
105,77,ebay.com,com,92375,231515,ebay.com,com,104,77,93858,236779
106,4,cpanel.net,net,92293,407896,cpanel.net,net,109,4,92151,411935
107,2,stanford.edu,edu,91976,190726,stanford.edu,edu,105,2,93742,195698
108,2,telegraph.co.uk,uk,91847,229095,telegraph.co.uk,uk,106,2,93698,235961
109,3,harvard.edu,edu,91729,201058,harvard.edu,edu,107,3,93616,206832
110,78,cpanel.com,com,90888,399232,cpanel.com,com,113,80,90748,403257
111,79,bbc.com,com,89930,210841,bbc.com,com,112,79,90988,215027
112,3,dailymail.co.uk,uk,89901,226567,dailymail.co.uk,uk,110,3,91532,232843
113,80,cnet.com,com,89448,196593,cnet.com,com,111,78,91115,201874
114,81,hp.com,com,89335,173659,hp.com,com,114,81,90558,176574
115,82,fc2.com,com,88332,217484,fc2.com,com,115,82,89933,221900
116,83,w.soundcloud.com,com,86513,244001,w.soundcloud.com,com,116,83,87813,248766
117,1,sina.com.cn,cn,86127,452636,sina.com.cn,cn,119,1,86278,453103
118,3,nasa.gov,gov,85527,180934,nasa.gov,gov,117,3,87109,185450
119,84,time.com,com,84806,197239,time.com,com,118,84,86760,204238
120,85,jimdo.com,com,84375,220982,jimdo.com,com,122,87,85499,224750
121,86,businessinsider.com,com,83972,195350,businessinsider.com,com,120,85,86011,202202
122,87,livejournal.com,com,83959,207327,livejournal.com,com,124,89,85099,211146
123,88,macromedia.com,com,83940,176127,macromedia.com,com,123,88,85263,179012
124,89,usatoday.com,com,83819,196233,usatoday.com,com,121,86,85884,203722
125,90,imgur.com,com,82721,203066,imgur.com,com,125,90,83859,206895
126,1,free.fr,fr,82602,190799,free.fr,fr,127,1,83718,194900
127,91,addthis.com,com,82254,187692,addthis.com,com,126,91,83745,192087
128,92,about.com,com,81619,186634,about.com,com,128,92,83582,193003
129,93,youtube-nocookie.com,com,81547,202447,youtube-nocookie.com,com,129,93,83363,208214
130,94,dailymotion.com,com,81191,211927,dailymotion.com,com,133,97,82312,216742
131,95,surveymonkey.com,com,80853,166568,surveymonkey.com,com,130,94,83198,173356
132,96,wired.com,com,80796,179225,wired.com,com,132,96,82479,184834
133,97,digg.com,com,80646,202377,digg.com,com,134,98,81854,206207
134,98,eventbrite.com,com,80231,193390,eventbrite.com,com,131,95,82604,201709
135,1,who.int,int,80116,161265,who.int,int,135,1,81819,165825
136,14,web.archive.org,org,79628,181255,web.archive.org,org,136,14,81036,185803
137,99,163.com,com,79599,383099,163.com,com,140,102,79773,383632
138,100,statcounter.com,com,79590,208796,statcounter.com,com,137,99,80126,210689
139,101,wiley.com,com,78494,160272,wiley.com,com,138,100,80040,164811
140,102,googleusercontent.com,com,78486,180083,googleusercontent.com,com,141,103,79523,183267
141,103,ted.com,com,78065,174499,ted.com,com,139,101,79902,179822
142,104,wpa.qq.com,com,78013,661024,wpa.qq.com,com,150,109,77958,659153
143,105,nature.com,com,77915,159621,nature.com,com,142,104,79371,163410
144,15,un.org,org,77400,154453,un.org,org,145,15,78763,158148
145,1,gc.ca,ca,77264,161949,gc.ca,ca,144,1,78877,166971
146,106,feedburner.com,com,77152,192468,feedburner.com,com,149,108,78384,196560
147,107,sciencedirect.com,com,77048,155908,sciencedirect.com,com,146,106,78638,159901
148,108,typepad.com,com,76818,180186,typepad.com,com,148,107,78494,185949
149,109,2.bp.blogspot.com,com,76806,193322,2.bp.blogspot.com,com,151,110,77797,196350
150,4,cdc.gov,gov,76696,172392,cdc.gov,gov,147,4,78606,179226
151,4,talktalk.co.uk,uk,76607,160168,talktalk.co.uk,uk,153,4,76873,160737
152,110,stumbleupon.com,com,76347,201998,stumbleupon.com,com,152,111,77341,205508
153,111,4.bp.blogspot.com,com,75873,192102,4.bp.blogspot.com,com,155,113,76745,195081
154,112,3.bp.blogspot.com,com,75807,190280,3.bp.blogspot.com,com,154,112,76797,193337
155,113,1.bp.blogspot.com,com,75779,190471,1.bp.blogspot.com,com,156,114,76698,193490
156,114,i0.wp.com,com,75098,234860,i0.wp.com,com,160,118,75574,237620
157,115,xinhuanet.com,com,74804,304378,xinhuanet.com,com,143,105,79348,315975
158,116,webs.com,com,74568,166089,webs.com,com,158,116,75811,169874
159,117,i1.wp.com,com,74518,232701,i1.wp.com,com,164,121,74989,235419
160,118,list-manage.com,com,74417,174989,list-manage.com,com,157,115,76353,180977
161,119,i2.wp.com,com,74224,232054,i2.wp.com,com,168,122,74722,234807
162,16,ietf.org,org,74096,130411,ietf.org,org,165,16,74969,132164
163,5,independent.co.uk,uk,73925,169810,independent.co.uk,uk,161,5,75326,174722
164,120,scribd.com,com,73813,167682,scribd.com,com,162,119,75263,172085
165,5,loc.gov,gov,73512,140787,loc.gov,gov,167,5,74848,144378
166,4,berkeley.edu,edu,73313,145122,berkeley.edu,edu,169,4,74720,148995
167,17,support.mozilla.org,org,73273,206854,support.mozilla.org,org,170,17,74318,211086
168,6,www.gov.uk,uk,73262,162026,www.gov.uk,uk,166,6,74889,167297
169,121,latimes.com,com,73193,169720,latimes.com,com,163,120,74994,175996
170,5,launchpad.net,net,73160,136281,launchpad.net,net,180,5,73510,137098
171,122,feeds.feedburner.com,com,72895,179245,feeds.feedburner.com,com,173,124,74116,183103
172,123,spotify.com,com,72590,179402,spotify.com,com,176,125,73707,183298
173,7,amazon.co.uk,uk,72513,177525,amazon.co.uk,uk,175,7,73744,181916
174,124,etsy.com,com,72490,186273,etsy.com,com,177,126,73695,190982
175,125,techcrunch.com,com,72486,153337,techcrunch.com,com,172,123,74123,158185
176,8,google.co.uk,uk,72459,177364,google.co.uk,uk,181,8,73465,181686
177,126,yelp.com,com,72436,196861,yelp.com,com,178,127,73684,202495
178,18,commons.wikimedia.org,org,72420,163232,commons.wikimedia.org,org,174,19,73876,167393
179,5,washington.edu,edu,72388,134278,washington.edu,edu,179,5,73573,137197
180,19,npr.org,org,72283,170769,npr.org,org,171,18,74179,177356
181,127,kickstarter.com,com,71991,165445,kickstarter.com,com,182,128,73452,170119
182,128,youku.com,com,71960,322077,youku.com,com,186,132,72047,322378
183,129,tripod.com,com,71612,151020,tripod.com,com,183,129,72843,154433
184,130,addtoany.com,com,71309,181398,addtoany.com,com,184,130,72245,184118
185,20,nginx.org,org,71181,136056,nginx.org,org,191,20,71234,136119
186,131,nationalgeographic.com,com,70534,150339,nationalgeographic.com,com,185,131,72162,155107
187,132,wikia.com,com,70336,156469,wikia.com,com,187,133,71536,159969
188,133,photobucket.com,com,70222,159730,photobucket.com,com,190,135,71316,163193
189,21,jigsaw.w3.org,org,70136,148849,jigsaw.w3.org,org,193,21,70832,150145
190,134,springer.com,com,69980,135909,springer.com,com,188,134,71420,139321
191,9,blogspot.co.uk,uk,69944,161282,blogspot.co.uk,uk,189,9,71390,166059
192,135,geocities.com,com,69758,142711,geocities.com,com,194,136,70825,145408
193,136,whatsapp.com,com,69583,192239,whatsapp.com,com,197,138,69980,193630
194,6,cloudfront.net,net,69470,139669,cloudfront.net,net,192,6,70943,143372
195,7,themeforest.net,net,69235,184384,themeforest.net,net,199,7,69566,185789
196,137,sohu.com,com,69031,315457,sohu.com,com,202,142,68986,315464
197,10,guardian.co.uk,uk,68800,148622,guardian.co.uk,uk,196,10,70113,152601
198,138,deviantart.com,com,68742,158009,deviantart.com,com,198,139,69578,160635
199,139,taobao.com,com,68684,298860,taobao.com,com,206,144,68634,298367
200,140,s3.amazonaws.com,com,68337,138906,s3.amazonaws.com,com,195,137,70135,143837
201,141,sun.com,com,68242,112263,sun.com,com,201,141,69065,113665
202,8,behance.net,net,68134,161499,behance.net,net,204,8,68957,163922
203,142,ft.com,com,67921,135706,ft.com,com,200,140,69395,139601
204,143,hugedomains.com,com,67789,136603,hugedomains.com,com,159,117,75644,158915
205,144,samsung.com,com,67765,132677,samsung.com,com,205,143,68776,135287
206,6,cornell.edu,edu,67534,135386,cornell.edu,edu,203,6,68978,139577
207,11,news.bbc.co.uk,uk,67283,143801,news.bbc.co.uk,uk,208,11,68458,147402
208,22,sitemaps.org,org,67125,206178,sitemaps.org,org,212,22,67277,207761
209,145,tripadvisor.com,com,67070,157257,tripadvisor.com,com,207,145,68573,161954
210,146,us.com,com,66848,139906,us.com,com,209,146,67804,142296
211,7,princeton.edu,edu,66252,121479,princeton.edu,edu,211,7,67318,124033
212,147,disqus.com,com,66238,145566,disqus.com,com,214,149,67153,148264
213,148,picasaweb.google.com,com,65938,141600,picasaweb.google.com,com,215,150,66955,144207
214,2,arnebrachhold.de,de,65647,203373,arnebrachhold.de,de,220,2,65795,204913
215,149,squarespace.com,com,65610,144018,squarespace.com,com,213,148,67208,148619
216,150,cnbc.com,com,65551,138753,cnbc.com,com,210,147,67325,143872
217,151,alibaba.com,com,65444,155605,alibaba.com,com,219,154,66027,156746
218,152,buzzfeed.com,com,64848,146172,buzzfeed.com,com,217,152,66105,150521
219,153,marriott.com,com,64669,130456,marriott.com,com,216,151,66410,135506
220,154,mashable.com,com,64544,138252,mashable.com,com,218,153,66069,142772
221,3,google.de,de,64247,221768,google.de,de,222,3,65126,228122
222,23,fr.wikipedia.org,org,64073,145879,fr.wikipedia.org,org,223,23,65037,149572
223,155,cbsnews.com,com,63831,139384,cbsnews.com,com,221,155,65556,144790
224,156,translate.google.com,com,63242,124709,translate.google.com,com,225,157,64422,127627
225,157,foxnews.com,com,63196,138668,foxnews.com,com,224,156,64573,143446
226,158,engadget.com,com,63001,132544,engadget.com,com,227,159,64136,135571
227,24,doi.org,org,62840,114763,doi.org,org,228,24,63979,117115
228,159,skype.com,com,62821,133161,skype.com,com,229,160,63874,135808
229,160,theatlantic.com,com,62748,137416,theatlantic.com,com,226,158,64251,142018
230,161,intel.com,com,62564,110422,intel.com,com,231,162,63698,112752
231,162,nginx.com,com,62533,113408,nginx.com,com,232,163,63303,116049
232,163,economist.com,com,62348,121035,economist.com,com,230,161,63746,124956
233,164,cloudflare.com,com,62183,196288,cloudflare.com,com,249,170,60741,193700
234,165,android.com,com,62154,114050,android.com,com,233,164,63293,116608
235,1,or.kr,kr,62147,122987,or.kr,kr,238,1,62778,124331
236,1,amzn.to,to,62074,167212,amzn.to,to,235,1,63020,170960
237,25,change.org,org,61803,135760,change.org,org,236,25,62850,139273
238,6,whitehouse.gov,gov,61687,121371,whitehouse.gov,gov,234,6,63223,125857
239,7,noaa.gov,gov,61466,120213,noaa.gov,gov,237,7,62785,124084
240,166,mp.weixin.qq.com,com,61460,282032,mp.weixin.qq.com,com,244,168,61317,282034
241,167,goodreads.com,com,61342,139845,goodreads.com,com,240,165,62455,143119
242,168,eepurl.com,com,60987,146834,eepurl.com,com,241,166,62305,151350
243,8,ca.gov,gov,60935,131859,ca.gov,gov,239,8,62620,137211
244,169,example.com,com,60578,111944,example.com,com,243,167,61481,113727
245,26,altervista.org,org,60418,128434,altervista.org,org,245,26,61112,130091
246,8,umich.edu,edu,60348,112346,umich.edu,edu,242,8,61603,115560
247,170,parallels.com,com,59924,172686,parallels.com,com,255,175,60217,173800
248,27,upload.wikimedia.org,org,59780,126160,upload.wikimedia.org,org,247,28,60871,128924
249,1,kiev.ua,ua,59763,129596,kiev.ua,ua,252,1,60391,131031
250,28,pbs.org,org,59578,128132,pbs.org,org,246,27,61061,132699
251,171,ifeng.com,com,59550,287784,ifeng.com,com,263,183,59382,287603
252,172,bandcamp.com,com,59478,141764,bandcamp.com,com,251,172,60436,144660
253,173,webmd.com,com,59378,136655,webmd.com,com,248,169,60777,141130
254,174,cisco.com,com,59346,99017,cisco.com,com,250,171,60598,101492
255,175,siemens.com,com,59270,103909,siemens.com,com,257,177,60021,105501
256,176,zend.com,com,59208,114081,zend.com,com,261,181,59547,114707
257,177,uk.com,com,58989,122797,uk.com,com,259,179,59978,125587
258,178,dev.mysql.com,com,58963,106021,dev.mysql.com,com,264,184,59358,107027
259,179,gizmodo.com,com,58922,123381,gizmodo.com,com,256,176,60188,126947
260,180,office.com,com,58808,101785,office.com,com,254,174,60269,104651
261,181,zdnet.com,com,58733,107159,zdnet.com,com,258,178,59979,110101
262,182,booking.com,com,58704,129324,booking.com,com,262,182,59434,131258
263,183,theverge.com,com,58646,117221,theverge.com,com,260,180,59790,120375
264,1,yandex.ru,ru,58627,177149,yandex.ru,ru,272,1,58896,178317
265,184,prnewswire.com,com,58341,114568,prnewswire.com,com,253,173,60285,119659
266,185,domainmarket.com,com,58299,119769,domainmarket.com,com,265,185,59349,122497
267,186,fb.com,com,58112,121162,fb.com,com,267,186,59154,123861
268,187,dell.com,com,58081,103357,dell.com,com,268,187,59110,105647
269,1,icio.us,us,58033,121493,icio.us,us,269,1,59002,123798
270,29,de.wikipedia.org,org,57921,163953,de.wikipedia.org,org,270,29,58922,168043
271,9,doubleclick.net,net,57902,99726,doubleclick.net,net,266,9,59219,102948
272,30,unesco.org,org,57816,106834,unesco.org,org,271,30,58921,109380
273,188,oreilly.com,com,57725,101126,oreilly.com,com,276,188,58521,102948
274,189,redhat.com,com,57682,94690,redhat.com,com,278,189,58426,95995
275,9,columbia.edu,edu,57622,106470,columbia.edu,edu,273,9,58896,109428
276,2,del.icio.us,us,57606,120281,del.icio.us,us,275,2,58562,122565
277,9,usda.gov,gov,57177,114727,usda.gov,gov,274,9,58630,119130
278,10,fda.gov,gov,57095,110748,fda.gov,gov,277,10,58493,114841
279,190,i.imgur.com,com,56872,122990,i.imgur.com,com,279,190,57731,125294
280,2,beian.gov.cn,cn,56688,330654,beian.gov.cn,cn,291,2,56434,328910
281,2,ow.ly,ly,56332,109673,ow.ly,ly,280,2,57676,113083
282,31,joomla.org,org,56017,123061,joomla.org,org,287,31,56543,124161
283,191,usnews.com,com,56013,114832,usnews.com,com,281,191,57651,119854
284,1,abc.net.au,au,55798,113390,abc.net.au,au,282,1,56847,116390
285,192,plesk.com,com,55776,178750,plesk.com,com,306,200,55694,178962
286,193,open.spotify.com,com,55585,128545,open.spotify.com,com,290,192,56489,131274
287,2,cbc.ca,ca,55581,118213,cbc.ca,ca,283,2,56775,121936
288,32,sciencemag.org,org,55463,100524,sciencemag.org,org,288,32,56539,103035
289,10,yale.edu,edu,55456,101615,yale.edu,edu,284,10,56648,104439
290,11,upenn.edu,edu,55362,101518,upenn.edu,edu,285,11,56606,104417
291,33,iso.org,org,55356,90141,iso.org,org,296,33,56174,91746
292,194,v.qq.com,com,55324,255298,v.qq.com,com,312,203,55163,255179
293,12,uiuc.edu,edu,55314,91930,uiuc.edu,edu,297,12,56084,93405
294,195,netscape.com,com,55297,92419,netscape.com,com,300,197,55947,93582
295,3,qc.ca,ca,55215,106047,qc.ca,ca,292,3,56353,109073
296,11,state.gov,gov,55213,105460,state.gov,gov,289,12,56490,108855
297,13,uci.edu,edu,55094,92542,uci.edu,edu,302,14,55869,94201
298,12,epa.gov,gov,55019,108142,epa.gov,gov,286,11,56600,112545
299,196,mailchimp.com,com,54969,121578,mailchimp.com,com,294,194,56289,125185
300,197,books.google.com,com,54968,111124,books.google.com,com,293,193,56323,114660
301,198,stackoverflow.com,com,54927,102018,stackoverflow.com,com,305,199,55702,103813
302,10,researchgate.net,net,54851,102962,researchgate.net,net,298,10,56079,105522
303,3,imageshack.us,us,54826,116295,imageshack.us,us,308,3,55653,118355
304,14,psu.edu,edu,54785,99653,psu.edu,edu,301,13,55925,102353
305,199,wikihow.com,com,54674,116426,wikihow.com,com,299,196,55959,119655
306,15,wisc.edu,edu,54593,97985,wisc.edu,edu,303,15,55728,100459
307,200,constantcontact.com,com,54479,125666,constantcontact.com,com,295,195,56230,132243
308,201,ning.com,com,54457,108888,ning.com,com,307,201,55656,111754
309,34,dx.doi.org,org,54253,94650,dx.doi.org,org,310,34,55271,96654
310,202,meetup.com,com,54201,111587,meetup.com,com,304,198,55721,115478
311,12,ox.ac.uk,uk,54163,95828,ox.ac.uk,uk,311,12,55174,98041
312,203,fortune.com,com,54101,103377,fortune.com,com,309,202,55594,107308
313,204,news.xinhuanet.com,com,54099,156139,news.xinhuanet.com,com,316,207,54406,157103
314,205,vice.com,com,53906,115027,vice.com,com,313,204,54864,118001
315,206,api.whatsapp.com,com,53731,144548,api.whatsapp.com,com,322,211,53817,145100
316,207,indiatimes.com,com,53419,106756,indiatimes.com,com,315,206,54541,109691
317,13,cam.ac.uk,uk,53367,92262,cam.ac.uk,uk,317,13,54339,94330
318,208,finance.yahoo.com,com,53236,101247,finance.yahoo.com,com,314,205,54642,105052
319,209,angelfire.com,com,53128,104585,angelfire.com,com,318,208,54007,106681
320,210,quora.com,com,52745,106369,quora.com,com,321,210,53825,108913
321,211,sciencedaily.com,com,52684,102507,sciencedaily.com,com,319,209,53950,106107
322,4,blogspot.ca,ca,52611,110420,blogspot.ca,ca,320,4,53864,114142
323,2,in.ua,ua,52604,113898,in.ua,ua,327,2,53107,115048
324,212,akismet.com,com,52581,141718,akismet.com,com,329,215,52916,143207
325,213,symantec.com,com,52350,88387,symantec.com,com,323,212,53622,90721
326,3,chinadaily.com.cn,cn,52273,128122,chinadaily.com.cn,cn,333,3,52626,129225
327,16,utexas.edu,edu,52056,93928,utexas.edu,edu,324,16,53263,96554
328,214,newyorker.com,com,52040,106635,newyorker.com,com,325,213,53223,109935
329,35,worldbank.org,org,51966,89950,worldbank.org,org,328,35,52953,92033
330,4,amazon.de,de,51781,137403,amazon.de,de,334,4,52556,140350
331,215,businesswire.com,com,51551,94598,businesswire.com,com,326,214,53126,98532
332,216,mediafire.com,com,51476,111663,mediafire.com,com,339,220,52058,113294
333,217,chicagotribune.com,com,51407,105367,chicagotribune.com,com,330,216,52867,109563
334,17,ucla.edu,edu,51362,92823,ucla.edu,edu,331,17,52691,95810
335,1,ustream.tv,tv,51224,100747,ustream.tv,tv,337,1,52234,103222
336,218,nbcnews.com,com,51214,105132,nbcnews.com,com,332,217,52628,109429
337,219,buydomains.com,com,51071,93481,buydomains.com,com,335,218,52364,96387
338,5,blogspot.de,de,51056,114673,blogspot.de,de,338,5,52151,117798
339,220,marketwatch.com,com,50974,97308,marketwatch.com,com,336,219,52343,101265
340,1,blogspot.com.es,es,50911,111812,blogspot.com.es,es,341,1,51936,114692
341,1,fb.me,me,50903,97753,fb.me,me,340,1,52011,100420
342,221,v.youku.com,com,50867,154264,v.youku.com,com,356,232,50946,154775
343,222,over-blog.com,com,50866,106897,over-blog.com,com,344,223,51907,109917
344,223,arstechnica.com,com,50826,95423,arstechnica.com,com,345,224,51839,97914
345,224,indiegogo.com,com,50772,102589,indiegogo.com,com,342,221,51928,105680
346,225,dropcatch.com,com,50638,106151,dropcatch.com,com,348,226,51377,107887
347,18,umn.edu,edu,50615,91003,umn.edu,edu,346,18,51794,93744
348,226,mozilla.com,com,50497,90532,mozilla.com,com,347,225,51524,92484
349,227,fastcompany.com,com,50320,98124,fastcompany.com,com,343,222,51908,102126
350,228,giphy.com,com,50287,102378,giphy.com,com,350,228,51339,105222
351,229,nydailynews.com,com,50263,105436,nydailynews.com,com,349,227,51365,109152
352,230,hooyoo.com,com,50062,123079,hooyoo.com,com,372,239,49571,121300
353,11,fbcdn.net,net,50019,102862,fbcdn.net,net,357,11,50872,104875
354,36,ieee.org,org,49994,82705,ieee.org,org,354,36,50990,84556
355,5,on.ca,ca,49913,95635,on.ca,ca,353,5,50992,98458
356,1,yahoo.co.jp,jp,49879,125989,yahoo.co.jp,jp,364,1,50260,126990
357,6,google.ca,ca,49829,108319,google.ca,ca,358,6,50847,111650
358,2,gouv.fr,fr,49800,104198,gouv.fr,fr,361,2,50626,107953
359,37,es.wikipedia.org,org,49761,118544,es.wikipedia.org,org,363,38,50347,120555
360,231,sagepub.com,com,49744,90627,sagepub.com,com,351,229,51055,93413
361,4,blog.sina.com.cn,cn,49704,157792,blog.sina.com.cn,cn,368,4,49731,158125
362,232,sfgate.com,com,49700,103611,sfgate.com,com,352,230,51046,107621
363,233,slate.com,com,49643,103198,slate.com,com,359,233,50837,106592
364,234,scientificamerican.com,com,49533,95712,scientificamerican.com,com,360,234,50774,98906
365,19,cmu.edu,edu,49521,83696,cmu.edu,edu,369,20,49655,84179
366,235,hilton.com,com,49412,93830,hilton.com,com,355,231,50989,97799
367,20,academia.edu,edu,49158,93577,academia.edu,edu,366,19,49984,95466
368,236,widgets.wp.com,com,49117,126734,widgets.wp.com,com,371,238,49571,127796
369,2,spb.ru,ru,49056,104116,spb.ru,ru,374,2,49395,104802
370,38,bbb.org,org,48990,110055,bbb.org,org,362,37,50600,115713
371,237,cbslocal.com,com,48931,102283,cbslocal.com,com,365,235,50254,106652
372,14,mirror.co.uk,uk,48720,98064,mirror.co.uk,uk,373,14,49560,100565
373,2,twitch.tv,tv,48550,98613,twitch.tv,tv,378,2,49145,100234
374,238,zendesk.com,com,48456,86127,zendesk.com,com,367,236,49846,88900
375,3,vkontakte.ru,ru,48322,114491,vkontakte.ru,ru,387,3,48648,115606
376,39,networkadvertising.org,org,48256,111190,networkadvertising.org,org,375,39,49292,114302
377,2,about.me,me,48243,95528,about.me,me,376,2,49200,97896
378,239,ikea.com,com,48119,96741,ikea.com,com,380,241,49025,99017
379,40,wiktionary.org,org,48079,92397,wiktionary.org,org,379,40,49137,94574
380,240,tandfonline.com,com,48005,85137,tandfonline.com,com,377,240,49172,87414
381,241,bizjournals.com,com,47919,95939,bizjournals.com,com,370,237,49647,100918
382,242,foursquare.com,com,47917,94608,foursquare.com,com,382,242,48877,96908
383,243,elegantthemes.com,com,47849,126170,elegantthemes.com,com,392,246,48058,127156
384,12,earthlink.net,net,47810,83116,earthlink.net,net,388,12,48540,84696
385,13,nps.gov,gov,47677,99870,nps.gov,gov,381,13,48963,103724
386,244,nypost.com,com,47667,95328,nypost.com,com,384,244,48835,98642
387,245,howstuffworks.com,com,47652,93094,howstuffworks.com,com,383,243,48857,96131
388,41,dmoz.org,org,47610,79819,dmoz.org,org,389,42,48232,81012
389,246,phpbb.com,com,47481,96556,phpbb.com,com,393,247,48057,97731
390,247,businessweek.com,com,47382,86988,businessweek.com,com,385,245,48762,90313
391,42,slashdot.org,org,47364,82551,slashdot.org,org,390,43,48218,84184
392,4,mail.ru,ru,47241,122265,mail.ru,ru,401,4,47642,123181
393,43,hbr.org,org,47098,88423,hbr.org,org,386,41,48721,92024
394,1,go.id,id,47069,90543,go.id,id,404,1,47489,91478
395,44,oecd.org,org,47033,78338,oecd.org,org,391,44,48155,80556
396,45,openssl.org,org,47026,71511,openssl.org,org,405,45,47479,72204
397,6,spiegel.de,de,46939,106371,spiegel.de,de,395,6,47828,109031
398,248,ubuntu.com,com,46927,78914,ubuntu.com,com,397,250,47757,80390
399,249,evernote.com,com,46915,90842,evernote.com,com,394,248,47938,93170
400,7,wasagabeachyoga.ca,ca,46860,91453,wasagabeachyoga.ca,ca,408,7,47334,92185
401,2,smh.com.au,au,46699,91773,smh.com.au,au,398,2,47684,94394
402,250,barnesandnoble.com,com,46661,101470,barnesandnoble.com,com,396,249,47782,104819
403,21,uchicago.edu,edu,46659,80826,uchicago.edu,edu,399,21,47668,82914
404,251,steampowered.com,com,46504,91986,steampowered.com,com,411,256,47007,93252
405,252,newsweek.com,com,46464,89423,newsweek.com,com,402,252,47613,92325
406,46,cambridge.org,org,46369,79522,cambridge.org,org,406,46,47398,81421
407,3,blogspot.fr,fr,46315,93094,blogspot.fr,fr,407,3,47369,96411
408,253,list-manage1.com,com,46215,89584,list-manage1.com,com,400,251,47660,92873
409,2,sakura.ne.jp,jp,46081,100598,sakura.ne.jp,jp,422,2,46397,101417
410,254,tinypic.com,com,46026,90455,tinypic.com,com,413,258,46773,92296
411,255,inc.com,com,46026,88101,inc.com,com,403,253,47520,92017
412,256,so.com,com,45932,212901,so.com,com,441,274,45671,212486
413,47,postgresql.org,org,45928,73947,postgresql.org,org,421,48,46406,74763
414,257,box.com,com,45919,82913,box.com,com,410,255,47028,85332
415,258,livestream.com,com,45865,84762,livestream.com,com,412,257,46962,87341
416,48,drupal.org,org,45795,82579,drupal.org,org,420,47,46450,83724
417,259,myshopify.com,com,45717,92778,myshopify.com,com,414,259,46768,95781
418,260,t.qq.com,com,45711,185793,t.qq.com,com,442,275,45639,185674
419,261,entrepreneur.com,com,45666,89617,entrepreneur.com,com,409,254,47092,93073
420,262,hexun.com,com,45640,165261,hexun.com,com,443,276,45582,165175
421,263,nokia.com,com,45627,77736,nokia.com,com,423,263,46314,79080
422,264,dribbble.com,com,45601,98334,dribbble.com,com,434,270,46019,99302
423,265,yolasite.com,com,45563,86625,yolasite.com,com,419,262,46487,88650
424,22,usc.edu,edu,45540,79863,usc.edu,edu,418,22,46595,82246
425,266,alexa.com,com,45526,85033,alexa.com,com,429,268,46152,86521
426,267,walmart.com,com,45517,91328,walmart.com,com,415,260,46744,94391
427,3,hatena.ne.jp,jp,45490,105950,hatena.ne.jp,jp,440,3,45715,106499
428,268,rt.com,com,45471,90384,rt.com,com,428,267,46163,92256
429,14,ftc.gov,gov,45255,91478,ftc.gov,gov,416,14,46702,95333
430,269,appspot.com,com,45249,81220,appspot.com,com,432,269,46095,83091
431,270,britannica.com,com,45220,83391,britannica.com,com,426,265,46198,85575
432,271,onedrive.live.com,com,45220,80315,onedrive.live.com,com,417,261,46671,83004
433,272,bmj.com,com,45144,80978,bmj.com,com,427,266,46174,83440
434,23,si.edu,edu,45141,82127,si.edu,edu,430,23,46119,84561
435,15,usgs.gov,gov,45092,80690,usgs.gov,gov,424,15,46243,83167
436,273,weather.com,com,45078,83744,weather.com,com,425,264,46223,86665
437,274,com.com,com,45026,80290,com.com,com,437,272,45806,81824
438,24,purdue.edu,edu,44992,76054,purdue.edu,edu,431,24,46114,78124
439,25,nyu.edu,edu,44948,79117,nyu.edu,edu,433,25,46031,81482
440,275,jd.com,com,44886,139645,jd.com,com,460,286,44763,139404
441,276,oup.com,com,44781,76413,oup.com,com,436,271,45859,78391
442,16,house.gov,gov,44670,87257,house.gov,gov,435,16,45864,90757
443,277,discovery.com,com,44641,81599,discovery.com,com,438,273,45745,84289
444,17,ed.gov,gov,44608,82464,ed.gov,gov,439,17,45738,85350
445,4,rakuten.co.jp,jp,44599,99838,rakuten.co.jp,jp,453,5,45090,101230
446,278,themeisle.com,com,44589,103579,themeisle.com,com,463,287,44638,103787
447,279,delicious.com,com,44586,90733,delicious.com,com,451,281,45260,92325
448,1,51.la,la,44561,176043,51.la,la,476,1,44257,175206
449,15,thesun.co.uk,uk,44502,89244,thesun.co.uk,uk,449,15,45264,91510
450,280,enable-javascript.com,com,44475,88361,enable-javascript.com,com,448,280,45290,90079
451,281,boston.com,com,44467,86003,boston.com,com,444,277,45530,88921
452,49,apachefriends.org,org,44414,78943,apachefriends.org,org,466,50,44601,79470
453,282,merriam-webster.com,com,44381,83289,merriam-webster.com,com,446,278,45381,85897
454,1,aboutads.info,info,44334,113969,aboutads.info,info,454,1,45065,116603
455,283,storify.com,com,44247,82415,storify.com,com,447,279,45372,84797
456,5,exblog.jp,jp,44224,89168,exblog.jp,jp,450,4,45263,91184
457,284,jiathis.com,com,44173,188869,jiathis.com,com,485,298,43993,188528
458,50,mayoclinic.org,org,44121,91798,mayoclinic.org,org,445,49,45435,95397
459,26,umd.edu,edu,44086,74528,umd.edu,edu,455,26,44952,76360
460,285,netflix.com,com,44024,87551,netflix.com,com,456,283,44944,89771
461,286,java.com,com,44000,69828,java.com,com,457,284,44848,71157
462,287,dw.com,com,43996,83295,dw.com,com,459,285,44768,85073
463,3,wp.me,me,43989,98491,wp.me,me,458,3,44774,100740
464,51,mitre.org,org,43952,67961,mitre.org,org,473,52,44369,68675
465,1,uol.com.br,br,43923,89455,uol.com.br,br,470,1,44472,90913
466,4,google.fr,fr,43914,95539,google.fr,fr,462,4,44678,98706
467,288,psychologytoday.com,com,43910,91866,psychologytoday.com,com,452,282,45151,95268
468,5,360.cn,cn,43909,142270,360.cn,cn,493,5,43796,141879
469,27,ufl.edu,edu,43781,75066,ufl.edu,edu,461,27,44720,77168
470,1,govt.nz,nz,43698,75702,govt.nz,nz,469,1,44516,77570
471,52,freebsd.org,org,43645,68656,freebsd.org,org,483,53,44004,69314
472,53,allaboutcookies.org,org,43613,92908,allaboutcookies.org,org,472,51,44431,95363
473,28,illinois.edu,edu,43546,73672,illinois.edu,edu,464,28,44635,75925
474,289,mapquest.com,com,43496,86376,mapquest.com,com,468,290,44516,89082
475,290,teamviewer.com,com,43461,77498,teamviewer.com,com,480,296,44088,78907
476,3,news.com.au,au,43428,83501,news.com.au,au,477,3,44206,85709
477,291,lifehacker.com,com,43420,84675,lifehacker.com,com,465,288,44618,87602
478,1,gob.mx,mx,43374,77798,gob.mx,mx,486,1,43967,79165
479,292,googleblog.com,com,43351,76992,googleblog.com,com,492,303,43854,78161
480,293,smugmug.com,com,43349,82481,smugmug.com,com,467,289,44578,85247
481,294,prezi.com,com,43310,75064,prezi.com,com,471,291,44441,77120
482,295,wpengine.com,com,43290,88616,wpengine.com,com,487,299,43956,90556
483,296,amazon-adsystem.com,com,43271,111804,amazon-adsystem.com,com,495,305,43729,113516
484,4,t.me,me,43270,98913,t.me,me,502,4,43383,99221
485,297,tmall.com,com,43235,133853,tmall.com,com,515,314,43002,133351
486,54,python.org,org,43217,69475,python.org,org,488,54,43904,70556
487,298,elsevier.com,com,43198,69840,elsevier.com,com,489,300,43892,70972
488,299,venturebeat.com,com,43182,77034,venturebeat.com,com,478,294,44146,79296
489,1,blogspot.in,in,43162,83325,blogspot.in,in,481,1,44081,85401
490,300,qz.com,com,43125,80362,qz.com,com,479,295,44142,82843
491,301,gofundme.com,com,43092,89215,gofundme.com,com,475,293,44305,92521
492,302,dropboxusercontent.com,com,43073,76739,dropboxusercontent.com,com,482,297,44041,78663
493,303,namecheap.com,com,42981,93117,namecheap.com,com,516,315,43000,93109
494,2,itu.int,int,42975,67515,itu.int,int,501,2,43422,68421
495,304,verisign.com,com,42953,65686,verisign.com,com,496,306,43651,66751
496,305,wunderground.com,com,42939,81422,wunderground.com,com,474,292,44334,84595
497,6,www.gov.cn,cn,42898,224245,www.gov.cn,cn,525,6,42709,223764
498,55,fedoraproject.org,org,42834,71136,fedoraproject.org,org,510,57,43069,71399
499,306,theglobeandmail.com,com,42833,83635,theglobeandmail.com,com,490,301,43873,86616
500,307,instructables.com,com,42822,83118,instructables.com,com,494,304,43761,85131
501,18,irs.gov,gov,42654,85512,irs.gov,gov,484,18,44001,89630
502,308,chinanews.com,com,42577,155306,chinanews.com,com,534,325,42438,155146
503,309,timeanddate.com,com,42573,77135,timeanddate.com,com,497,307,43570,79310
504,310,deloitte.com,com,42553,68698,deloitte.com,com,491,302,43868,71357
505,29,unc.edu,edu,42533,72069,unc.edu,edu,500,29,43492,74168
506,311,technorati.com,com,42528,81725,technorati.com,com,505,311,43325,83431
507,312,newscientist.com,com,42525,75272,newscientist.com,com,498,308,43525,77445
508,56,us.org,org,42504,80320,us.org,org,517,58,42957,81158
509,57,aboutcookies.org,org,42502,102692,aboutcookies.org,org,509,56,43157,104604
510,30,duke.edu,edu,42442,71817,duke.edu,edu,506,31,43314,73747
511,313,pixabay.com,com,42441,88214,pixabay.com,com,507,312,43293,89826
512,58,fao.org,org,42440,71883,fao.org,org,508,55,43209,73430
513,31,msu.edu,edu,42426,72607,msu.edu,edu,504,30,43358,74672
514,314,pcworld.com,com,42411,76381,pcworld.com,com,503,310,43369,78556
515,315,thoughtco.com,com,42400,78278,thoughtco.com,com,499,309,43495,80851
516,316,000webhost.com,com,42393,80168,000webhost.com,com,518,316,42903,81234
517,317,aliexpress.com,com,42348,81279,aliexpress.com,com,519,317,42826,82278
518,7,cntv.cn,cn,42256,138895,cntv.cn,cn,537,7,42346,139328
519,2,google.es,es,42172,100266,google.es,es,524,2,42725,101706
520,318,jquery.com,com,42111,72178,jquery.com,com,526,321,42672,73148
521,319,cctv.com,com,42072,145957,cctv.com,com,546,332,42002,145783
522,32,udel.edu,edu,42053,66951,udel.edu,edu,522,32,42739,68153
523,59,opensource.org,org,42049,72982,opensource.org,org,529,59,42616,74005
524,8,bc.ca,ca,42007,76764,bc.ca,ca,513,8,43012,79042
525,320,w3schools.com,com,41989,72971,w3schools.com,com,520,318,42795,74432
526,1,last.fm,fm,41945,81260,last.fm,fm,528,1,42639,82931
527,19,census.gov,gov,41874,75105,census.gov,gov,511,19,43060,78159
528,20,senate.gov,gov,41863,79820,senate.gov,gov,514,20,43010,83003
529,60,arxiv.org,org,41826,67903,arxiv.org,org,533,60,42519,69244
530,6,amazon.co.jp,jp,41807,99250,amazon.co.jp,jp,541,6,42153,100092
531,321,thefreedictionary.com,com,41711,77061,thefreedictionary.com,com,523,320,42731,79352
532,33,ucsd.edu,edu,41670,70888,ucsd.edu,edu,527,33,42645,72924
533,322,wufoo.com,com,41665,82972,wufoo.com,com,512,313,43052,86256
534,323,shopify.com,com,41650,82347,shopify.com,com,530,322,42605,84545
535,7,google.co.jp,jp,41627,146945,google.co.jp,jp,556,7,41631,147553
536,324,vmware.com,com,41602,64620,vmware.com,com,531,323,42568,66222
537,325,biomedcentral.com,com,41571,69351,biomedcentral.com,com,532,324,42548,71331
538,326,pcmag.com,com,41549,74091,pcmag.com,com,521,319,42740,76567
539,61,kernel.org,org,41502,65898,kernel.org,org,551,64,41788,66481
540,327,feedproxy.google.com,com,41460,80812,feedproxy.google.com,com,540,329,42192,82497
541,328,wikidot.com,com,41443,73965,wikidot.com,com,545,331,42058,75118
542,5,line.me,me,41420,101965,line.me,me,560,5,41495,102611
543,329,ign.com,com,41357,79904,ign.com,com,548,334,41972,81549
544,62,oxfordjournals.org,org,41352,68853,oxfordjournals.org,org,535,61,42395,70898
545,330,news.google.com,com,41342,77559,news.google.com,com,539,328,42287,79620
546,331,nike.com,com,41308,74284,nike.com,com,543,330,42102,76036
547,16,ebay.co.uk,uk,41289,81806,ebay.co.uk,uk,557,17,41583,82563
548,332,msdn.com,com,41264,63946,msdn.com,com,547,333,41998,65200
549,63,pnas.org,org,41254,70347,pnas.org,org,542,62,42110,72209
550,64,ap.org,org,41145,74143,ap.org,org,544,63,42090,76549
551,17,theregister.co.uk,uk,41043,70519,theregister.co.uk,uk,549,16,41872,72412
552,333,hubspot.com,com,41002,76272,hubspot.com,com,538,327,42298,79175
553,334,gmail.com,com,41002,73103,gmail.com,com,552,336,41779,74523
554,2,soup.io,io,40962,76083,soup.io,io,558,2,41583,77197
555,9,utoronto.ca,ca,40956,67764,utoronto.ca,ca,553,9,41682,69409
556,335,prweb.com,com,40838,75481,prweb.com,com,536,326,42383,79136
557,336,livescience.com,com,40821,77268,livescience.com,com,550,335,41812,79668
558,337,rollingstone.com,com,40789,81022,rollingstone.com,com,554,337,41677,83386
559,1,scoop.it,it,40626,76453,scoop.it,it,555,1,41633,78547
560,65,plos.org,org,40594,69334,plos.org,org,559,65,41528,71283
561,338,xing.com,com,40527,111580,xing.com,com,563,340,41299,114416
562,339,getpocket.com,com,40521,86635,getpocket.com,com,574,347,40921,87649
563,66,iana.org,org,40443,63790,iana.org,org,578,67,40834,64431
564,340,variety.com,com,40441,77275,variety.com,com,562,339,41334,79619
565,18,express.co.uk,uk,40415,77881,express.co.uk,uk,566,18,41121,79883
566,67,rfc-editor.org,org,40370,59537,rfc-editor.org,org,582,68,40665,60029
567,2,google.it,it,40334,88589,google.it,it,577,2,40849,89699
568,5,narod.ru,ru,40274,85475,narod.ru,ru,580,5,40721,86412
569,341,chron.com,com,40186,75545,chron.com,com,561,338,41359,78433
570,13,akamaihd.net,net,40180,76368,akamaihd.net,net,572,13,40964,78082
571,34,virginia.edu,edu,40152,68107,virginia.edu,edu,570,34,41005,69943
572,342,vox.com,com,40120,75676,vox.com,com,568,343,41049,77941
573,343,hollywoodreporter.com,com,40105,78281,hollywoodreporter.com,com,573,346,40944,80654
574,344,dictionary.com,com,40105,75105,dictionary.com,com,569,344,41019,77288
575,21,nist.gov,gov,40103,61581,nist.gov,gov,567,21,41083,63436
576,345,homestead.com,com,40094,75251,homestead.com,com,571,345,40974,77317
577,346,ehow.com,com,40048,77577,ehow.com,com,564,341,41162,80173
578,22,uspto.gov,gov,39990,66355,uspto.gov,gov,575,22,40888,68334
579,19,thetimes.co.uk,uk,39922,72713,thetimes.co.uk,uk,581,19,40688,74643
580,347,thenextweb.com,com,39875,70806,thenextweb.com,com,579,348,40768,72741
581,348,sky.com,com,39851,73156,sky.com,com,584,350,40510,74954
582,68,icann.org,org,39792,76022,icann.org,org,593,71,40239,77027
583,69,faqs.org,org,39757,63813,faqs.org,org,592,70,40241,64561
584,70,zh.wikipedia.org,org,39726,78126,zh.wikipedia.org,org,598,72,39957,78585
585,349,elpais.com,com,39701,84004,elpais.com,com,594,354,40217,85646
586,350,novell.com,com,39697,63051,novell.com,com,591,353,40244,64010
587,351,fifa.com,com,39684,69165,fifa.com,com,585,351,40469,70772
588,71,apa.org,org,39678,71263,apa.org,org,576,66,40878,73928
589,8,ameblo.jp,jp,39662,103581,ameblo.jp,jp,604,8,39857,104372
590,352,urbandictionary.com,com,39592,77431,urbandictionary.com,com,583,349,40551,79559
591,353,youronlinechoices.com,com,39575,111708,youronlinechoices.com,com,597,356,40045,113743
592,1,is.gd,gd,39566,71363,is.gd,gd,595,1,40143,72526
593,72,eff.org,org,39537,67031,eff.org,org,590,69,40250,68556
594,5,lemonde.fr,fr,39525,74811,lemonde.fr,fr,588,5,40292,77224
595,354,naver.com,com,39502,82116,naver.com,com,605,359,39836,82898
596,35,indiana.edu,edu,39496,64188,indiana.edu,edu,586,35,40377,65802
597,355,nba.com,com,39413,67310,nba.com,com,589,352,40256,69259
598,23,sec.gov,gov,39292,67089,sec.gov,gov,587,23,40324,69441
599,73,openstreetmap.org,org,39267,75651,openstreetmap.org,org,600,74,39940,76895
600,74,bitbucket.org,org,39257,61967,bitbucket.org,org,599,73,39955,63037
601,356,answers.com,com,39227,72410,answers.com,com,596,355,40058,74198
602,75,kde.org,org,39150,63670,kde.org,org,613,77,39618,64480
603,76,acs.org,org,39070,63625,acs.org,org,601,75,39929,65203
604,357,asus.com,com,39033,67236,asus.com,com,615,364,39539,68233
605,1,go.th,th,39009,71509,go.th,th,620,1,39360,72291
606,77,olympic.org,org,38992,63751,olympic.org,org,606,76,39806,65486
607,358,skyrock.com,com,38968,71072,skyrock.com,com,609,361,39680,72705
608,359,webnode.com,com,38863,73155,webnode.com,com,618,366,39438,74278
609,360,platform.twitter.com,com,38840,74247,platform.twitter.com,com,616,365,39496,75411
610,78,ru.wikipedia.org,org,38730,93204,ru.wikipedia.org,org,630,79,38996,93859
611,361,steamcommunity.com,com,38722,74985,steamcommunity.com,com,627,372,39121,75886
612,362,examiner.com,com,38711,74604,examiner.com,com,602,357,39882,77738
613,363,att.com,com,38703,65292,att.com,com,608,360,39698,67441
614,36,ucdavis.edu,edu,38696,65185,ucdavis.edu,edu,607,36,39740,67346
615,364,shutterstock.com,com,38610,75013,shutterstock.com,com,623,369,39329,76719
616,365,staticflickr.com,com,38597,75085,staticflickr.com,com,624,370,39274,76596
617,2,flic.kr,kr,38579,68950,flic.kr,kr,611,2,39667,71032
618,366,playstation.com,com,38572,71568,playstation.com,com,629,373,39035,72808
619,367,thedailybeast.com,com,38567,75029,thedailybeast.com,com,619,367,39428,77390
620,368,salesforce.com,com,38544,62848,salesforce.com,com,603,358,39871,65174
621,369,nymag.com,com,38536,76971,nymag.com,com,614,363,39573,79652
622,370,mac.com,com,38516,70219,mac.com,com,621,368,39344,71869
623,371,statista.com,com,38511,70630,statista.com,com,610,362,39671,73176
624,37,arizona.edu,edu,38443,64070,arizona.edu,edu,622,37,39331,65872
625,24,bls.gov,gov,38411,69651,bls.gov,gov,612,24,39648,72593
626,9,biglobe.ne.jp,jp,38400,78604,biglobe.ne.jp,jp,638,9,38746,79292
627,79,cpan.org,org,38360,59700,cpan.org,org,639,81,38743,60316
628,25,archives.gov,gov,38292,68975,archives.gov,gov,617,25,39482,71713
629,3,go.kr,kr,38287,71736,go.kr,kr,640,3,38710,72531
630,372,salon.com,com,38268,74839,salon.com,com,626,371,39122,77093
631,38,rutgers.edu,edu,38222,63869,rutgers.edu,edu,625,38,39177,65822
632,8,google.cn,cn,38194,101598,google.cn,cn,651,8,38257,101798
633,373,aliyun.com,com,38144,152500,aliyun.com,com,656,387,38053,151916
634,4,blogspot.com.au,au,38126,73365,blogspot.com.au,au,634,4,38881,75447
635,80,greenpeace.org,org,38121,65406,greenpeace.org,org,628,78,39071,67198
636,374,accuweather.com,com,38100,70040,accuweather.com,com,632,375,38926,71889
637,1,waw.pl,pl,38081,75004,waw.pl,pl,643,1,38566,75899
638,375,1688.com,com,38042,126512,1688.com,com,667,392,37830,125959
639,376,wikispaces.com,com,38017,66334,wikispaces.com,com,635,377,38863,68022
640,377,nvidia.com,com,37962,62579,nvidia.com,com,652,383,38195,63075
641,2,blogspot.com.br,br,37940,72929,blogspot.com.br,br,641,2,38698,74555
642,81,suhosin.org,org,37869,66238,suhosin.org,org,658,82,38014,66645
643,378,mlb.com,com,37863,71113,mlb.com,com,631,374,38981,74035
644,82,weforum.org,org,37852,63080,weforum.org,org,636,80,38771,64873
645,14,azurewebsites.net,net,37846,62515,azurewebsites.net,net,650,14,38264,63282
646,379,dedecms.com,com,37841,219780,dedecms.com,com,675,399,37614,218969
647,15,secureserver.net,net,37744,93425,secureserver.net,net,670,15,37800,94084
648,380,digitaltrends.com,com,37690,67033,digitaltrends.com,com,644,379,38541,69013
649,3,blogspot.it,it,37657,72232,blogspot.it,it,645,3,38450,73939
650,1,mailchi.mp,mp,37622,69691,mailchi.mp,mp,642,1,38690,72025
651,381,investopedia.com,com,37597,71208,investopedia.com,com,637,378,38753,73829
652,39,jhu.edu,edu,37592,61383,jhu.edu,edu,647,39,38400,63028
653,382,technologyreview.com,com,37497,62679,technologyreview.com,com,646,380,38432,64498
654,7,businessinsider.de,de,37493,68008,businessinsider.de,de,676,7,37603,68397
655,383,thestar.com,com,37408,71682,thestar.com,com,648,381,38304,74124
656,384,politico.com,com,37399,72546,politico.com,com,649,382,38301,75016
657,385,blog.com,com,37359,66737,blog.com,com,666,391,37885,68034
658,386,freewebs.com,com,37351,68225,freewebs.com,com,655,386,38086,69816
659,387,hatenablog.com,com,37349,69927,hatenablog.com,com,672,396,37732,70628
660,388,gotowebinar.com,com,37343,58275,gotowebinar.com,com,633,376,38901,61372
661,389,aljazeera.com,com,37337,69510,aljazeera.com,com,654,385,38145,71474
662,390,sony.com,com,37319,62897,sony.com,com,657,388,38025,64256
663,391,scholar.google.com,com,37165,59956,scholar.google.com,com,660,389,37998,61457
664,392,java.sun.com,com,37152,51892,java.sun.com,com,673,397,37716,52620
665,10,ubc.ca,ca,37151,61104,ubc.ca,ca,663,10,37964,62663
666,40,colorado.edu,edu,37145,60819,colorado.edu,edu,661,40,37996,62398
667,41,asu.edu,edu,37138,61603,asu.edu,edu,662,41,37989,63376
668,393,adweek.com,com,37124,68217,adweek.com,com,653,384,38149,70671
669,394,bitly.com,com,37117,63934,bitly.com,com,686,405,37324,64197
670,83,openldap.org,org,37092,54152,openldap.org,org,687,84,37318,54489
671,395,news.163.com,com,37034,125740,news.163.com,com,704,417,36849,125506
672,3,dp.ua,ua,37013,72046,dp.ua,ua,688,3,37277,72713
673,396,warnerbros.com,com,36999,65276,warnerbros.com,com,668,393,37820,67095
674,397,bitnami.com,com,36975,51842,bitnami.com,com,694,409,37178,52138
675,398,stackexchange.com,com,36946,62927,stackexchange.com,com,677,400,37584,64198
676,399,airbnb.com,com,36932,69132,airbnb.com,com,664,390,37930,71256
677,400,getbootstrap.com,com,36920,63331,getbootstrap.com,com,766,454,35131,59641
678,401,bigcartel.com,com,36908,77213,bigcartel.com,com,674,398,37704,79180
679,402,ibtimes.com,com,36890,66806,ibtimes.com,com,669,394,37807,69035
680,403,reference.com,com,36834,68071,reference.com,com,671,395,37744,70120
681,404,twimg.com,com,36802,69356,twimg.com,com,684,403,37385,70760
682,20,metro.co.uk,uk,36755,69479,metro.co.uk,uk,681,20,37456,71383
683,405,theconversation.com,com,36641,65648,theconversation.com,com,683,402,37405,67370
684,26,hhs.gov,gov,36637,66577,hhs.gov,gov,665,27,37896,69647
685,84,phys.org,org,36630,62955,phys.org,org,682,83,37454,64709
686,1,ethz.ch,ch,36606,59644,ethz.ch,ch,695,1,37165,60718
687,406,lycos.com,com,36602,61683,lycos.com,com,692,407,37200,62651
688,27,fbi.gov,gov,36594,63291,fbi.gov,gov,678,28,37553,65519
689,407,globo.com,com,36560,75182,globo.com,com,699,413,36987,76295
690,408,axs.com,com,36461,69609,axs.com,com,679,401,37526,72391
691,409,lg.com,com,36453,61256,lg.com,com,698,412,37053,62377
692,85,perl.org,org,36416,56545,perl.org,org,706,86,36713,57074
693,410,codeplex.com,com,36372,55195,codeplex.com,com,702,415,36953,56119
694,411,lonelyplanet.com,com,36354,64981,lonelyplanet.com,com,690,406,37238,66690
695,1,navy.mil,mil,36313,60481,navy.mil,mil,691,1,37219,62397
696,412,mtv.com,com,36235,69075,mtv.com,com,697,411,37063,71044
697,86,craigslist.org,org,36226,69372,craigslist.org,org,689,85,37243,71669
698,413,douban.com,com,36205,82992,douban.com,com,722,426,36208,83249
699,414,techtarget.com,com,36197,58495,techtarget.com,com,696,410,37151,60403
700,2,google.co.in,in,36172,69838,google.co.in,in,705,2,36763,71188
701,415,unsplash.com,com,36170,70431,unsplash.com,com,703,416,36882,71789
702,416,gartner.com,com,36170,56799,gartner.com,com,685,404,37327,58740
703,417,philips.com,com,36147,58214,philips.com,com,701,414,36962,59622
704,418,foodnetwork.com,com,36127,75427,foodnetwork.com,com,693,408,37198,78303
705,16,rs6.net,net,36107,70765,rs6.net,net,680,16,37515,74674
706,419,accorhotels.com,com,36069,60355,accorhotels.com,com,709,418,36542,61318
707,420,cygwin.com,com,36048,56153,cygwin.com,com,716,422,36350,56686
708,421,lh3.googleusercontent.com,com,36021,71259,lh3.googleusercontent.com,com,711,420,36465,72105
709,2,army.mil,mil,35925,62837,army.mil,mil,700,2,36963,65154
710,42,bu.edu,edu,35897,58393,bu.edu,edu,708,42,36676,59971
711,422,4shared.com,com,35881,67644,4shared.com,com,718,423,36326,68601
712,423,bostonglobe.com,com,35872,66988,bostonglobe.com,com,730,431,35984,67460
713,424,mixcloud.com,com,35835,71032,mixcloud.com,com,715,421,36383,72293
714,43,caltech.edu,edu,35723,55852,caltech.edu,edu,713,44,36426,57054
715,425,shutterfly.com,com,35719,67463,shutterfly.com,com,710,419,36539,69227
716,17,discuz.net,net,35685,111583,discuz.net,net,745,17,35556,111472
717,44,tufts.edu,edu,35659,59525,tufts.edu,edu,712,43,36445,61016
718,21,ucl.ac.uk,uk,35641,57650,ucl.ac.uk,uk,714,21,36425,59103
719,5,google.com.au,au,35570,71048,google.com.au,au,723,5,36148,72475
720,28,dot.gov,gov,35548,62372,dot.gov,gov,707,29,36679,64866
721,45,northwestern.edu,edu,35544,59030,northwestern.edu,edu,717,45,36344,60713
722,426,blackberry.com,com,35532,62699,blackberry.com,com,719,424,36290,64165
723,427,panasonic.com,com,35436,59085,panasonic.com,com,738,436,35740,59512
724,11,pinterest.ca,ca,35432,75052,pinterest.ca,ca,1226,17,26916,53499
725,46,tamu.edu,edu,35426,58532,tamu.edu,edu,720,46,36272,60425
726,29,cia.gov,gov,35364,58684,cia.gov,gov,724,30,36147,60269
727,428,hc360.com,com,35356,112379,hc360.com,com,756,446,35281,112501
728,30,usa.gov,gov,35344,60816,usa.gov,gov,659,26,38014,66313
729,87,coursera.org,org,35326,56948,coursera.org,org,729,87,35990,58194
730,429,csmonitor.com,com,35308,62629,csmonitor.com,com,725,427,36098,64793
731,430,lenovo.com,com,35182,58394,lenovo.com,com,741,437,35691,59326
732,47,wustl.edu,edu,35172,55212,wustl.edu,edu,732,47,35922,56652
733,431,securityfocus.com,com,35171,54524,securityfocus.com,com,749,442,35463,55072
734,432,huanqiu.com,com,35164,110201,huanqiu.com,com,777,459,35008,109992
735,433,autodesk.com,com,35112,57603,autodesk.com,com,733,433,35920,58913
736,434,windowsphone.com,com,35111,60501,windowsphone.com,com,742,438,35670,61539
737,6,vic.gov.au,au,35089,65788,vic.gov.au,au,739,6,35726,67209
738,435,typeform.com,com,35076,60649,typeform.com,com,726,428,36091,62485
739,436,target.com,com,35009,70273,target.com,com,731,432,35943,72767
740,437,eu.com,com,34998,60014,eu.com,com,744,439,35570,61143
741,438,envato.com,com,34977,74235,envato.com,com,565,342,41149,93123
742,88,jstor.org,org,34962,58208,jstor.org,org,735,88,35832,59823
743,2,vine.co,co,34960,64116,vine.co,co,737,2,35741,65837
744,439,googleapis.com,com,34937,59319,googleapis.com,com,746,440,35524,60402
745,440,themegrill.com,com,34936,81790,themegrill.com,com,773,456,35050,82003
746,441,campaign-archive1.com,com,34920,62031,campaign-archive1.com,com,721,425,36210,64478
747,442,500px.com,com,34912,66203,500px.com,com,747,441,35522,67382
748,443,today.com,com,34877,65839,today.com,com,727,429,36074,68787
749,444,prestashop.com,com,34862,74764,prestashop.com,com,760,450,35203,75758
750,89,unicef.org,org,34862,56339,unicef.org,org,743,89,35608,57750
751,445,campaign-archive2.com,com,34820,61415,campaign-archive2.com,com,728,430,36028,63892
752,446,washingtontimes.com,com,34798,63670,washingtontimes.com,com,736,435,35785,66002
753,90,openoffice.org,org,34790,57988,openoffice.org,org,750,90,35417,59084
754,91,imagemagick.org,org,34733,55567,imagemagick.org,org,775,93,35039,56065
755,10,goo.ne.jp,jp,34725,73376,goo.ne.jp,jp,768,10,35112,74143
756,447,ea.com,com,34691,62199,ea.com,com,753,444,35349,63647
757,448,ihg.com,com,34641,56302,ihg.com,com,734,434,35897,58759
758,6,ucoz.ru,ru,34628,69329,ucoz.ru,ru,771,6,35082,70181
759,31,gpo.gov,gov,34626,59984,gpo.gov,gov,740,31,35706,62478
760,48,pitt.edu,edu,34599,55387,pitt.edu,edu,752,48,35373,56777
761,32,fcc.gov,gov,34590,57387,fcc.gov,gov,748,32,35500,59279
762,18,ovh.net,net,34563,65989,ovh.net,net,779,18,34955,67075
763,449,000webhostapp.com,com,34562,64497,000webhostapp.com,com,787,465,34771,64953
764,6,lefigaro.fr,fr,34559,62281,lefigaro.fr,fr,754,6,35338,64609
765,450,pastebin.com,com,34525,61815,pastebin.com,com,774,457,35044,62887
766,92,dyndns.org,org,34519,57324,dyndns.org,org,769,91,35110,58371
767,7,asso.fr,fr,34498,63995,asso.fr,fr,767,7,35129,65988
768,451,item.taobao.com,com,34472,81912,item.taobao.com,com,797,470,34439,81898
769,452,uber.com,com,34442,59678,uber.com,com,751,443,35415,61706
770,453,canalblog.com,com,34394,64113,canalblog.com,com,759,449,35226,66159
771,454,computerworld.com,com,34387,55175,computerworld.com,com,757,447,35267,56942
772,1,tiny.cc,cc,34372,57552,tiny.cc,cc,764,1,35156,59134
773,455,people.com,com,34326,65347,people.com,com,758,448,35242,67528
774,456,xbox.com,com,34304,61075,xbox.com,com,781,461,34855,62247
775,457,mcafee.com,com,34299,54195,mcafee.com,com,778,460,34985,55392
776,93,it.wikipedia.org,org,34284,70953,it.wikipedia.org,org,780,94,34856,72073
777,458,hubpages.com,com,34276,64483,hubpages.com,com,772,455,35069,66360
778,459,ups.com,com,34233,54052,ups.com,com,761,451,35182,56036
779,2,web.id,id,34215,62291,web.id,id,793,2,34539,62840
780,94,acm.org,org,34210,52298,acm.org,org,783,95,34812,53304
781,460,thomsonreuters.com,com,34190,53155,thomsonreuters.com,com,763,453,35157,54884
782,95,nejm.org,org,34134,57507,nejm.org,org,770,92,35102,59460
783,461,softpedia.com,com,34132,59988,softpedia.com,com,789,467,34665,61044
784,462,history.com,com,34127,62506,history.com,com,762,452,35167,64841
785,33,energy.gov,gov,34114,58978,energy.gov,gov,765,33,35132,61361
786,96,moodle.org,org,34033,54265,moodle.org,org,795,98,34490,54922
787,463,icloud.com,com,33997,58391,icloud.com,com,782,462,34853,60007
788,97,en.wiktionary.org,org,33996,59686,en.wiktionary.org,org,786,96,34779,61160
789,19,hardened-php.net,net,33956,56196,hardened-php.net,net,805,20,34094,56529
790,22,timesonline.co.uk,uk,33953,57952,timesonline.co.uk,uk,790,22,34595,59418
791,1,haxx.se,se,33948,52453,haxx.se,se,802,1,34253,52961
792,464,gamespot.com,com,33924,62910,gamespot.com,com,796,469,34455,64150
793,465,list-manage2.com,com,33905,59594,list-manage2.com,com,776,458,35014,61758
794,98,gutenberg.org,org,33867,57841,gutenberg.org,org,791,97,34569,59169
795,466,oath.com,com,33845,56596,oath.com,com,755,445,35292,59092
796,467,gettyimages.com,com,33844,61956,gettyimages.com,com,794,468,34520,63518
797,3,g.co,co,33827,57329,g.co,co,792,3,34557,58672
798,468,indeed.com,com,33791,58697,indeed.com,com,784,463,34805,60754
799,469,thehill.com,com,33773,63070,thehill.com,com,788,466,34705,65377
800,470,plusone.google.com,com,33705,73472,plusone.google.com,com,809,475,34033,74246
801,471,hyatt.com,com,33679,56314,hyatt.com,com,785,464,34787,58526
802,472,automattic.com,com,33678,79914,automattic.com,com,812,478,33981,80456
803,1,google.com.hk,hk,33535,73033,google.com.hk,hk,823,1,33681,73318
804,4,ca.us,us,33532,59582,ca.us,us,798,4,34437,61632
805,473,icq.com,com,33522,59923,icq.com,com,817,480,33863,60560
806,474,woocommerce.com,com,33512,72047,woocommerce.com,com,1119,645,28370,58217
807,23,ed.ac.uk,uk,33464,52084,ed.ac.uk,uk,806,23,34084,53153
808,49,ncsu.edu,edu,33421,54073,ncsu.edu,edu,800,49,34305,55809
809,2,cba.pl,pl,33400,63120,cba.pl,pl,826,2,33651,63630
810,34,dhs.gov,gov,33392,55468,dhs.gov,gov,799,34,34389,57679
811,9,zol.com.cn,cn,33388,82731,zol.com.cn,cn,841,9,33402,83016
812,475,liveleak.com,com,33384,60214,liveleak.com,com,818,481,33830,61335
813,20,comcast.net,net,33324,56930,comcast.net,net,803,19,34181,58635
814,476,voanews.com,com,33299,56977,voanews.com,com,810,476,34027,58489
815,477,blogs.com,com,33298,59222,blogs.com,com,804,472,34159,61061
816,478,localiser-ip.com,com,33239,54949,localiser-ip.com,com,801,471,34261,56912
817,479,fedex.com,com,33232,53318,fedex.com,com,811,477,34002,54919
818,11,b.hatena.ne.jp,jp,33217,78731,b.hatena.ne.jp,jp,852,11,33225,78803
819,480,amd.com,com,33199,52394,amd.com,com,827,486,33649,53201
820,481,mercurynews.com,com,33164,60591,mercurynews.com,com,807,473,34074,62834
821,482,disney.com,com,33160,57239,disney.com,com,821,482,33732,58405
822,483,msnbc.com,com,33139,57960,msnbc.com,com,813,479,33910,59687
823,484,altavista.com,com,33138,52284,altavista.com,com,837,494,33510,52728
824,50,gatech.edu,edu,33138,51485,gatech.edu,edu,815,51,33888,52811
825,51,hawaii.edu,edu,33137,53659,hawaii.edu,edu,814,50,33890,55031
826,485,hpe.com,com,33106,48476,hpe.com,com,829,488,33606,49126
827,486,mckinsey.com,com,33079,53174,mckinsey.com,com,808,474,34054,55042
828,3,or.id,id,33024,59026,or.id,id,842,3,33377,59670
829,52,osu.edu,edu,33024,54801,osu.edu,edu,816,52,33868,56520
830,53,ucsb.edu,edu,33004,53496,ucsb.edu,edu,819,53,33801,55066
831,487,thelancet.com,com,32984,54893,thelancet.com,com,822,483,33713,56435
832,1,sapo.pt,pt,32959,59221,sapo.pt,pt,831,1,33597,60401
833,488,vanityfair.com,com,32951,61886,vanityfair.com,com,825,485,33662,63787
834,489,snopes.com,com,32907,59127,snopes.com,com,828,487,33607,60957
835,490,googlepages.com,com,32902,53789,googlepages.com,com,830,489,33599,54946
836,491,bluehost.com,com,32887,60767,bluehost.com,com,860,504,33062,61281
837,99,videolan.org,org,32879,54239,videolan.org,org,844,101,33360,55116
838,492,istockphoto.com,com,32827,61204,istockphoto.com,com,836,493,33517,62539
839,493,perl.com,com,32822,50625,perl.com,com,859,503,33063,51033
840,494,espn.com,com,32813,58989,espn.com,com,824,484,33666,60893
841,100,imf.org,org,32813,50692,imf.org,org,840,100,33423,51783
842,101,gimp.org,org,32747,55810,gimp.org,org,848,102,33334,56876
843,495,medscape.com,com,32741,56457,medscape.com,com,832,490,33581,58284
844,496,digital.com,com,32732,49899,digital.com,com,863,506,32958,50211
845,497,reverbnation.com,com,32714,64176,reverbnation.com,com,833,491,33570,65942
846,498,ssrn.com,com,32704,52947,ssrn.com,com,835,492,33525,54485
847,12,geocities.jp,jp,32703,71858,geocities.jp,jp,862,12,32962,72461
848,499,scmp.com,com,32675,55443,scmp.com,com,851,498,33268,56761
849,500,lego.com,com,32662,56512,lego.com,com,843,496,33364,57865
850,5,tx.us,us,32641,60317,tx.us,us,820,5,33747,62961
851,501,metacafe.com,com,32617,57469,metacafe.com,com,855,501,33153,58621
852,54,utah.edu,edu,32518,51790,utah.edu,edu,845,54,33351,53290
853,502,snapchat.com,com,32506,58921,snapchat.com,com,846,497,33347,60568
854,35,justice.gov,gov,32468,57176,justice.gov,gov,847,36,33340,59363
855,503,nifty.com,com,32439,70318,nifty.com,com,873,512,32778,71015
856,102,postimg.org,org,32422,59864,postimg.org,org,866,104,32925,60914
857,504,gallup.com,com,32392,55853,gallup.com,com,838,495,33473,58162
858,7,ok.ru,ru,32387,80011,ok.ru,ru,884,7,32580,80502
859,505,billboard.com,com,32382,60083,billboard.com,com,854,500,33155,61799
860,506,alipay.com,com,32375,77462,alipay.com,com,903,529,32279,77098
861,103,cancer.org,org,32360,57174,cancer.org,org,834,99,33531,59850
862,36,ny.gov,gov,32354,60673,ny.gov,gov,849,37,33321,63063
863,21,pixnet.net,net,32341,54466,pixnet.net,net,867,21,32920,55645
864,2,in.th,th,32328,59367,in.th,th,880,2,32642,59949
865,507,strikingly.com,com,32319,55136,strikingly.com,com,861,505,32977,56144
866,508,pinimg.com,com,32314,60950,pinimg.com,com,864,507,32932,62350
867,509,sap.com,com,32300,50634,sap.com,com,858,502,33099,51907
868,510,outlook.com,com,32294,50111,outlook.com,com,853,499,33159,51732
869,55,vt.edu,edu,32289,51554,vt.edu,edu,856,55,33148,53090
870,37,va.gov,gov,32278,59594,va.gov,gov,839,35,33472,62312
871,3,esy.es,es,32211,58775,esy.es,es,887,3,32540,59398
872,8,liveinternet.ru,ru,32145,67368,liveinternet.ru,ru,895,8,32464,67933
873,511,ask.com,com,32111,54288,ask.com,com,875,514,32753,55386
874,512,fujitsu.com,com,32102,50394,fujitsu.com,com,882,518,32587,51288
875,513,nasdaq.com,com,32066,51435,nasdaq.com,com,871,510,32816,53026
876,10,cri.cn,cn,32064,74485,cri.cn,cn,908,10,32187,74811
877,514,jamanetwork.com,com,32053,55854,jamanetwork.com,com,865,508,32929,57801
878,515,fool.com,com,32023,54486,fool.com,com,870,509,32871,56391
879,516,channel4.com,com,32020,57555,channel4.com,com,881,517,32587,59001
880,22,speedtest.net,net,31984,50438,speedtest.net,net,877,22,32670,51467
881,517,patreon.com,com,31960,62499,patreon.com,com,896,525,32441,63692
882,38,wa.gov,gov,31957,58363,wa.gov,gov,868,38,32890,60527
883,8,amazon.fr,fr,31955,62642,amazon.fr,fr,878,8,32663,64426
884,11,t.cn,cn,31945,85670,t.cn,cn,926,11,31837,85817
885,518,seattletimes.com,com,31941,58056,seattletimes.com,com,876,515,32740,60219
886,104,edublogs.org,org,31940,56026,edublogs.org,org,893,107,32489,57032
887,519,smithsonianmag.com,com,31938,57515,smithsonianmag.com,com,874,513,32772,59464
888,2,admin.ch,ch,31904,56620,admin.ch,ch,897,2,32418,57829
889,520,twitpic.com,com,31876,57946,twitpic.com,com,888,521,32538,59339
890,521,xkcd.com,com,31874,54954,xkcd.com,com,883,519,32583,56233
891,522,garmin.com,com,31853,53617,garmin.com,com,892,524,32500,54900
892,39,usembassy.gov,gov,31826,51819,usembassy.gov,gov,891,39,32502,53153
893,105,redcross.org,org,31815,58026,redcross.org,org,857,103,33114,61207
894,106,nobelprize.org,org,31813,50389,nobelprize.org,org,885,106,32545,51676
895,6,telegram.me,me,31801,71168,telegram.me,me,912,6,32048,71600
896,24,www.nhs.uk,uk,31793,59945,www.nhs.uk,uk,894,24,32470,61645
897,523,pwc.com,com,31790,48847,pwc.com,com,872,511,32798,50615
898,1,vatican.va,va,31784,56750,vatican.va,va,901,1,32338,57802
899,524,thawte.com,com,31781,49069,thawte.com,com,911,532,32077,49584
900,525,nbc.com,com,31745,56896,nbc.com,com,889,522,32531,58771
901,107,heart.org,org,31733,55098,heart.org,org,869,105,32872,57552
902,526,medicalnewstoday.com,com,31730,57536,medicalnewstoday.com,com,890,523,32521,59374
903,527,bestbuy.com,com,31709,54458,bestbuy.com,com,879,516,32649,56440
904,528,trendmicro.com,com,31700,49414,trendmicro.com,com,913,533,32045,49943
905,8,welt.de,de,31657,67817,welt.de,de,907,9,32195,69482
906,529,americanexpress.com,com,31610,51997,americanexpress.com,com,898,526,32375,53557
907,530,squidoo.com,com,31595,58300,squidoo.com,com,904,530,32253,59749
908,108,pt.wikipedia.org,org,31591,62326,pt.wikipedia.org,org,916,109,32000,63137
909,109,eurekalert.org,org,31573,51868,eurekalert.org,org,899,108,32369,53440
910,9,google.ru,ru,31538,67555,google.ru,ru,932,9,31701,67920
911,531,force.com,com,31512,48880,force.com,com,886,520,32543,50836
912,532,bell-labs.com,com,31509,47499,bell-labs.com,com,929,543,31779,47966
913,533,libsyn.com,com,31491,59903,libsyn.com,com,900,527,32355,62147
914,13,blogspot.jp,jp,31487,59711,blogspot.jp,jp,924,13,31871,60646
915,25,huffingtonpost.co.uk,uk,31483,55548,huffingtonpost.co.uk,uk,905,25,32250,57431
916,534,cc.com,com,31462,56308,cc.com,com,902,528,32305,58247
917,110,isc.org,org,31459,47586,isc.org,org,933,110,31692,47992
918,535,usps.com,com,31447,55170,usps.com,com,941,550,31516,55927
919,3,cern.ch,ch,31424,48675,cern.ch,ch,920,3,31960,49584
920,536,dictionary.reference.com,com,31418,55423,dictionary.reference.com,com,906,531,32227,57156
921,23,boingboing.net,net,31376,57602,boingboing.net,net,910,23,32092,59137
922,7,nsw.gov.au,au,31360,58132,nsw.gov.au,au,917,7,31993,59493
923,537,jetpack.wordpress.com,com,31353,80763,jetpack.wordpress.com,com,935,547,31663,81604
924,538,boutell.com,com,31342,48698,boutell.com,com,940,549,31550,49094
925,539,ew.com,com,31323,57218,ew.com,com,921,538,31943,58806
926,540,purevolume.com,com,31319,54664,purevolume.com,com,927,541,31808,55479
927,541,gstatic.com,com,31300,53702,gstatic.com,com,934,546,31687,54544
928,14,livedoor.jp,jp,31299,67693,livedoor.jp,jp,936,14,31632,68332
929,542,athemes.com,com,31291,72403,athemes.com,com,949,555,31367,72625
930,543,products.office.com,com,31274,47911,products.office.com,com,914,534,32034,49118
931,9,ccc.de,de,31239,52854,ccc.de,de,943,10,31495,53376
932,544,herokuapp.com,com,31164,52164,herokuapp.com,com,923,539,31915,53496
933,545,philly.com,com,31115,57556,philly.com,com,915,535,32014,59740
934,546,proofpoint.com,com,31110,46991,proofpoint.com,com,918,536,31988,48776
935,547,huawei.com,com,31099,49774,huawei.com,com,946,553,31411,50433
936,12,gmw.cn,cn,31098,106603,gmw.cn,cn,976,12,30959,106572
937,548,techradar.com,com,31097,51528,techradar.com,com,930,544,31770,52936
938,549,trello.com,com,31067,53139,trello.com,com,931,545,31764,54423
939,40,weather.gov,gov,31052,55125,weather.gov,gov,922,41,31923,56974
940,550,xe.com,com,31034,51663,xe.com,com,925,540,31852,53039
941,41,congress.gov,gov,31025,53790,congress.gov,gov,909,40,32122,56112
942,111,eu.org,org,31006,52770,eu.org,org,950,112,31361,53369
943,26,standard.co.uk,uk,30904,56134,standard.co.uk,uk,939,26,31596,57750
944,551,redbull.com,com,30902,53216,redbull.com,com,942,551,31514,54512
945,112,ja.wikipedia.org,org,30880,68297,ja.wikipedia.org,org,962,114,31131,68796
946,552,avast.com,com,30877,50650,avast.com,com,951,556,31351,51502
947,12,amazon.ca,ca,30871,59812,amazon.ca,ca,937,11,31611,61712
948,553,linksynergy.com,com,30870,62939,linksynergy.com,com,944,552,31474,64428
949,554,rapidshare.com,com,30866,53501,rapidshare.com,com,959,563,31227,54275
950,10,msk.ru,ru,30820,60602,msk.ru,ru,969,10,31021,61127
951,555,tmz.com,com,30799,60452,tmz.com,com,952,557,31339,61936
952,556,colorlib.com,com,30739,67208,colorlib.com,com,985,579,30732,67224
953,557,baidu.com,com,30735,71933,baidu.com,com,984,578,30739,71774
954,4,od.ua,ua,30706,59037,od.ua,ua,978,4,30899,59392
955,113,khanacademy.org,org,30698,49561,khanacademy.org,org,945,111,31447,50929
956,114,sourceware.org,org,30684,47178,sourceware.org,org,977,116,30907,47562
957,558,avg.com,com,30664,49780,avg.com,com,961,565,31164,50801
958,559,denverpost.com,com,30649,56330,denverpost.com,com,938,548,31606,58706
959,560,starwoodhotels.com,com,30641,48294,starwoodhotels.com,com,928,542,31788,50448
960,561,ggpht.com,com,30634,55834,ggpht.com,com,966,568,31104,56759
961,562,rebelmouse.com,com,30604,52490,rebelmouse.com,com,957,561,31265,53933
962,563,moz.com,com,30603,55827,moz.com,com,956,560,31265,57293
963,564,withgoogle.com,com,30580,49163,withgoogle.com,com,960,564,31167,50247
964,565,ey.com,com,30529,46371,ey.com,com,948,554,31380,47918
965,10,bund.de,de,30514,99728,bund.de,de,970,11,31001,102126
966,566,static1.squarespace.com,com,30492,54469,static1.squarespace.com,com,954,558,31326,56041
967,567,kaspersky.com,com,30478,47587,kaspersky.com,com,971,571,30986,48476
968,42,cancer.gov,gov,30461,50421,cancer.gov,gov,947,42,31400,52264
969,568,popsci.com,com,30439,50627,popsci.com,com,958,562,31238,52218
970,115,en.m.wikipedia.org,org,30432,53395,en.m.wikipedia.org,org,964,115,31111,54881
971,569,cafepress.com,com,30397,56244,cafepress.com,com,963,566,31111,57966
972,570,wn.com,com,30392,50370,wn.com,com,955,559,31300,52170
973,13,ce.cn,cn,30385,87684,ce.cn,cn,1002,13,30283,87776
974,571,click.linksynergy.com,com,30378,62112,click.linksynergy.com,com,975,573,30963,63564
975,3,coe.int,int,30377,50527,coe.int,int,974,3,30966,51540
976,572,healthline.com,com,30342,58733,healthline.com,com,965,567,31109,60474
977,1,blogspot.nl,nl,30338,57827,blogspot.nl,nl,972,1,30985,59282
978,573,posterous.com,com,30318,53789,posterous.com,com,967,569,31040,55233
979,2,google.nl,nl,30285,71075,google.nl,nl,980,2,30835,72484
980,574,real.com,com,30275,47740,real.com,com,981,575,30796,48681
981,575,lulu.com,com,30241,56313,lulu.com,com,979,574,30895,57851
982,116,consumerreports.org,org,30237,54605,consumerreports.org,org,953,113,31333,57079
983,1,gv.at,at,30194,58628,gv.at,at,989,1,30682,60001
984,576,nj.com,com,30162,55225,nj.com,com,973,572,30984,57330
985,577,imageshack.com,com,30108,54475,imageshack.com,com,995,583,30487,55185
986,578,rottentomatoes.com,com,30053,53847,rottentomatoes.com,com,988,581,30698,55160
987,579,patch.com,com,30036,59372,patch.com,com,968,570,31035,62025
988,580,docker.com,com,30035,47171,docker.com,com,996,584,30481,47903
989,27,demon.co.uk,uk,30005,48787,demon.co.uk,uk,994,27,30513,49628
990,4,iso.ch,ch,29970,45530,iso.ch,ch,1010,4,30163,45866
991,581,nielsen.com,com,29956,47810,nielsen.com,com,982,576,30764,49472
992,582,miamiherald.com,com,29954,53733,miamiherald.com,com,983,577,30759,55848
993,117,squid-cache.org,org,29937,46114,squid-cache.org,org,1012,118,30123,46478
994,4,esa.int,int,29913,47199,esa.int,int,997,4,30428,48135
995,583,smashingmagazine.com,com,29910,51329,smashingmagazine.com,com,993,582,30524,52440
996,11,mpg.de,de,29818,47823,mpg.de,de,999,12,30371,48854
997,584,startribune.com,com,29812,54447,startribune.com,com,987,580,30708,56588
998,6,mn.us,us,29794,51559,mn.us,us,990,6,30638,53621
999,56,uga.edu,edu,29782,47962,uga.edu,edu,992,56,30536,49446
